Search Query,Source/Medium,Clicks,Impressions,CTR,Average Position
where does stamp duty money go,google / organic,0,1,0.00%,80
where does state tax money go,google / organic,0,2,0.00%,6.5
where does sydney water come from,google / organic,0,19,0.00%,24
where does sydney's water come from,google / organic,0,9,0.00%,11
where does tax go,google / organic,0,39,0.00%,11
where does taxpayer money go,google / organic,0,2,0.00%,11
where does the tax go,google / organic,0,1,0.00%,8.0
where does the tax money go,google / organic,0,9,0.00%,9.0
where does the yarra river end,google / organic,0,6,0.00%,28
where does the yarra river start and finish,google / organic,0,1,0.00%,34
where does us tax money go,google / organic,0,1,0.00%,16
where does warragamba dam supply water to,google / organic,0,1,0.00%,33
where does waste go in australia,google / organic,0,1,0.00%,82
where does your tax dollar go,google / organic,0,1,0.00%,8.0
where does your tax go,google / organic,0,1,0.00%,10
where does your tax money go,google / organic,0,9,0.00%,9.2
where is adfa,google / organic,0,3,0.00%,46
where is astrakhan located,google / organic,0,1,0.00%,41
where is bali in relation to australia,google / organic,0,70,0.00%,55
where is brimbank,google / organic,0,2,0.00%,72
where is burradoo,google / organic,0,1,0.00%,38
where is care,google / organic,0,4,0.00%,11
where is coominya,google / organic,0,1,0.00%,49
where is cremorne in melbourne,google / organic,0,21,0.00%,85
where is dungog,google / organic,0,2,0.00%,72
where is gloria macapagal arroyo now,google / organic,0,2,0.00%,81
where is it compulsory to vote,google / organic,0,1,0.00%,39
where is maori spoken,google / organic,0,2,0.00%,64
where is my tax money,google / organic,0,1,0.00%,11
where is newcastle interchange,google / organic,0,1,0.00%,57
where is nuclear waste stored in australia,google / organic,0,6,0.00%,30
where is postcode,google / organic,0,1,0.00%,74
where is prostitution legal in australia,google / organic,0,4,0.00%,32
where is sci hub now,google / organic,0,11,0.00%,58
where is sci hub now?,google / organic,0,1,0.00%,49
where is sci-hub now,google / organic,0,2,0.00%,59
where is scihub,google / organic,0,5,0.00%,88
where is scihub now,google / organic,0,5,0.00%,51
where is south east queensland,google / organic,0,5,0.00%,48
where is sugar cane grown in australia,google / organic,0,1,0.00%,88
where is sydney park,google / organic,0,2,0.00%,53
where is the darling downs,google / organic,0,1,0.00%,76
where is the great artesian basin,google / organic,0,1,0.00%,47
where is the tomb of the unknown australian soldier,google / organic,0,1,0.00%,98
where is titanium mined in australia,google / organic,0,5,0.00%,93
where is voting compulsory,google / organic,0,2,0.00%,39
where is waikato university,google / organic,0,1,0.00%,80
where my tax dollars go,google / organic,0,3,0.00%,13
where my tax goes,google / organic,0,5,0.00%,9.0
where sci hub now,google / organic,0,1,0.00%,45
"where there are spillover (or external) benefits from having a particular product in a society, the government can make the quantity of the product approach the socially optimal level by doing the following except",google / organic,0,1,0.00%,81
where there's smoke,google / organic,0,2,0.00%,32
where to buy driver under instruction plates vic,google / organic,0,4,0.00%,26
where to buy driver under instruction signs,google / organic,0,1,0.00%,61
where to buy l plates melbourne,google / organic,0,6,0.00%,64
where to buy l plates vic,google / organic,0,8,0.00%,43
where to buy p plates melbourne,google / organic,0,1,0.00%,87
where to get good investment advice,google / organic,0,1,0.00%,74
where to park at barangaroo,google / organic,0,2,0.00%,91
where to ride quad bikes,google / organic,0,2,0.00%,87
where to stay in sydney airbnb,google / organic,0,1,0.00%,92
where to vote in castle hill,google / organic,0,2,0.00%,51
where to vote in ferntree gully,google / organic,0,2,0.00%,58
where to vote in hindmarsh,google / organic,0,1,0.00%,48
where to vote in kellyville,google / organic,0,2,0.00%,32
where to vote in mildura,google / organic,0,3,0.00%,28
where to vote in mona vale,google / organic,0,2,0.00%,43
where to vote in morwell,google / organic,0,1,0.00%,53
where to vote in torquay vic,google / organic,0,1,0.00%,29
where to vote mildura,google / organic,0,1,0.00%,28
where was jill meagher found,google / organic,0,14,0.00%,9.9
where was the anzus treaty signed,google / organic,0,1,0.00%,39
where were the anzacs meant to land,google / organic,0,1,0.00%,68
where your federal tax dollars go,google / organic,0,1,0.00%,26
where your tax dollar goes,google / organic,0,6,0.00%,28
where your tax dollars go,google / organic,0,6,0.00%,8.7
whereisscihubnow,google / organic,0,1,0.00%,99
which australian political party should i vote for,google / organic,0,2,0.00%,39
"which continent lies at approximately 20º s, 140º e?",google / organic,0,5,0.00%,65
which countries have compulsory voting,google / organic,0,18,0.00%,35
which countries have mandatory voting,google / organic,0,3,0.00%,71
which elections are compulsory in australia,google / organic,0,1,0.00%,46
which factors are considered when deciding how to make goods and services? check all that apply. determining who has the greatest need finances of prospective buyers methods traditionally used to make a good ways to produce items at a lower cost or higher quality ways to make the biggest profit,google / organic,0,1,0.00%,69
which fibre broadband,google / organic,0,1,0.00%,99
which government department bears the primary responsibility for child protection in new zealand?,google / organic,0,1,0.00%,73
"which hand gesture, used to summon animals in malaysia, causes cultural misunderstandings in nonverbal communications?",google / organic,0,1,0.00%,9.0
which if the following is not an approach to tackling complex problems?,google / organic,0,26,0.00%,8.2
which of the examples below illustrates the economic principle of a negative externality?,google / organic,0,3,0.00%,87
which of the following accurately compares the paths to independence of ghana and algeria?,google / organic,0,1,0.00%,85
"which of the following accurately describes the overall trend in computing during the past 70-plus years? a.toward physically larger, more powerful computers. b.toward physically larger, less powerful computers. c.toward physically smaller, less",google / organic,0,1,0.00%,53
which of the following air pollutants causes a reddish-brown haze in the sky,google / organic,0,1,0.00%,40
which of the following air pollutants causes a reddish-brown haze in the sky?,google / organic,0,4,0.00%,64
which of the following array declarations would be best suited for storing the retail prices?,google / organic,0,1,0.00%,32
which of the following expressions are equivalent to 48a^3-75a,google / organic,0,1,0.00%,89
which of the following has polynesian roots and is new zealand's largest ethnic minority group?,google / organic,0,1,0.00%,45
which of the following is a characteristic of public journalism?,google / organic,0,1,0.00%,84
which of the following is a disadvantage of a high degree of managerial mobility between companies?,google / organic,0,1,0.00%,76
which of the following is a nonverbal strategy in public speaking,google / organic,0,1,0.00%,25
which of the following is an example of qualitative data,google / organic,0,1,0.00%,78
which of the following is considered the output in the systems thinking example of a dss,google / organic,0,1,0.00%,79
which of the following is considered the output in the systems thinking example of a dss?,google / organic,0,2,0.00%,71
which of the following is considered the output in the systems-thinking example of a dss?,google / organic,0,1,0.00%,82
which of the following methods could be considered a best practice in terms of informing respondents how their answers to an on-line survey about personal information will be protected,google / organic,0,1,0.00%,97
which of the following procedures is most likely to result in a loss of memory?,google / organic,0,2,0.00%,98
which of the following represents a clear disadvantage of localized control of justice?,google / organic,0,1,0.00%,19
which of the following statements is true of no-fault divorce laws?,google / organic,0,1,0.00%,10
which of the following statements regarding australia's climate zone is correct?,google / organic,0,1,0.00%,68
which of the university in australia in which fees paid per semester,google / organic,0,1,0.00%,81
which of these is a disadvantage of banking with national retail banks? they have small atm networks. they charge fees for many services. they offer a small range of products and services. they are located primarily in and around cities.,google / organic,0,1,0.00%,28
which parties are required to submit periodic reports containing an inventory of anthropogenic emissions by sources and removals by sinks of all greenhouse gases as well as information on measures taken or envisaged to implement the convention?,google / organic,0,1,0.00%,58
which political party is in government,google / organic,0,1,0.00%,36
which political party is in power in australia,google / organic,0,1,0.00%,26
which political party is in power in western australia,google / organic,0,1,0.00%,39
which region of australia has the most population,google / organic,0,1,0.00%,61
which side do you wear rosemary on anzac day,google / organic,0,2,0.00%,46
which two statements describe how the industrial revolution affected the population of britain?,google / organic,0,1,0.00%,97
which type of research misconduct most likely occurred if someone intentionally removes data points from the data set in order to generate a deceptive conclusion?,google / organic,0,17,0.00%,55
which would be the appropriate client criteria for activating a rapid response team at the hospital? select all that apply.,google / organic,0,1,0.00%,9.0
"while there are several ehr implementation instances in the kingdom of saudi arabia capable of collecting data from individual patients, there is an immense need of integration systems to interlink the ehrs installations to make them interoperable and to generate aggregated data. explain why the public health professionals are more interested in aggregated data rather than individual data and clarify the importance of these integration and data exchange systems for the field of public health informatics in the kingdom of saudi arabia? give examples of this type of systems worldwide",google / organic,0,8,0.00%,22
whimsub,google / organic,0,1,0.00%,57
whinney illustrated quick cook (epub|pdf),google / organic,0,1,0.00%,16
whirlpool apra 2020,google / organic,0,2,0.00%,36
whirly corporation’s most recent income statement is shown below:,google / organic,0,1,0.00%,77
whistle blowers act,google / organic,0,1,0.00%,99
whistle stop cafe goolwa,google / organic,0,7,0.00%,34
whistle stop goolwa,google / organic,0,3,0.00%,35
whistleblower protection legislation,google / organic,0,1,0.00%,79
whistleblowers protection act,google / organic,0,2,0.00%,85
whistleblowers protection act 1994,google / organic,0,20,0.00%,29
whistleblowers protection act 2001,google / organic,0,7,0.00%,41
whistleblowing protection act,google / organic,0,1,0.00%,78
whistlestop cafe goolwa,google / organic,0,6,0.00%,26
whistlestop cafe menu,google / organic,0,1,0.00%,87
white australian population,google / organic,0,1,0.00%,97
white collar crime australia,google / organic,0,8,0.00%,72
white collar crime cases 2017,google / organic,0,2,0.00%,13
white collar crime defence lawyer sydney,google / organic,0,2,0.00%,91
white collar crime in australia,google / organic,0,3,0.00%,71
white collar crime lawyers melbourne,google / organic,0,35,0.00%,58
white collar crime punishments in canada,google / organic,0,5,0.00%,77
white collar crime sentence reduction 2017,google / organic,0,4,0.00%,75
white collar crime statistics australia,google / organic,0,4,0.00%,14
white collar criminal defence lawyer sydney,google / organic,0,43,0.00%,81
white collar criminal defence sydney,google / organic,0,6,0.00%,79
white collar new season 2017,google / organic,0,1,0.00%,42
white collar prison australia,google / organic,0,1,0.00%,46
white horse press,google / organic,0,1,0.00%,85
white pages darwin northern territory,google / organic,0,2,0.00%,54
white pages gold coast directory,google / organic,0,1,0.00%,94
white pages gold coast qld australia,google / organic,0,3,0.00%,33
white pages great southern wa,google / organic,0,1,0.00%,72
white pages katoomba,google / organic,0,1,0.00%,32
white pages mildura,google / organic,0,1,0.00%,42
white pages mildura victoria,google / organic,0,1,0.00%,31
white pages mittagong,google / organic,0,1,0.00%,44
white pages mount gambier,google / organic,0,1,0.00%,58
white pages mount isa,google / organic,0,1,0.00%,44
white pages northern rivers,google / organic,0,1,0.00%,48
white pages perth residential phone numbers,google / organic,0,1,0.00%,84
white pages residential cairns,google / organic,0,1,0.00%,40
white pages residential gold coast,google / organic,0,1,0.00%,57
white pages residential newcastle,google / organic,0,1,0.00%,54
white pages residential queensland australia,google / organic,0,1,0.00%,55
white pages residential south australia,google / organic,0,1,0.00%,97
white pages residential toowoomba,google / organic,0,1,0.00%,52
white pages residential vic,google / organic,0,1,0.00%,54
white pages south australia business,google / organic,0,1,0.00%,84
white pages townsville directory,google / organic,0,1,0.00%,70
white paper australia,google / organic,0,1,0.00%,95
white paper energy,google / organic,0,6,0.00%,10
white paper example healthcare,google / organic,0,4,0.00%,47
white paper in research,google / organic,0,1,0.00%,62
white paper report,google / organic,0,1,0.00%,170
white paper research,google / organic,0,5,0.00%,40
white paper samples,google / organic,0,3,0.00%,47
white peak geraldton,google / organic,0,1,0.00%,59
white population in australia,google / organic,0,2,0.00%,76
white population of australia,google / organic,0,1,0.00%,66
white shoe brigade,google / organic,0,4,0.00%,36
whitehorse community health,google / organic,0,2,0.00%,72
whitehorse crime rate,google / organic,0,1,0.00%,62
whitehouse cafe shellharbour,google / organic,0,2,0.00%,58
whitehouse institute of design ranking,google / organic,0,1,0.00%,88
whitehouse institute of design reviews,google / organic,0,2,0.00%,74
whiteness studies,google / organic,0,1,0.00%,36
whitireia new zealand,google / organic,0,6,0.00%,63
whitlam institute what matters,google / organic,0,1,0.00%,45
whitney fitzsimmons,google / organic,0,1,0.00%,38
whittens physiotherapy centre,google / organic,0,1,0.00%,70
whittlesea doctors bulk billing,google / organic,0,3,0.00%,27
whitton mobility shop,google / organic,0,1,0.00%,72
who are allies of the united states,google / organic,0,1,0.00%,100
who are australia's allies,google / organic,0,4,0.00%,42
who are australia's allies in war,google / organic,0,2,0.00%,66
who are the 6 state members of parliament victoria,google / organic,0,2,0.00%,23
who are the political parties in australia,google / organic,0,3,0.00%,49
who can introduce a bill to parliament,google / organic,0,1,0.00%,59
who can supervise a learner driver vic,google / organic,0,19,0.00%,46
who coined the term robot,google / organic,0,1,0.00%,86
who definition of palliative care 2017,google / organic,0,1,0.00%,100
who does gambling affect,google / organic,0,5,0.00%,10
who does the liberal party represent,google / organic,0,1,0.00%,56
who done it,google / organic,0,1,0.00%,76
who first 1000 days,google / organic,0,2,0.00%,7.0
who funds aged care in australia,google / organic,0,1,0.00%,70
who funds the abc,google / organic,0,8,0.00%,12
who goes where,google / organic,0,4,0.00%,24
who has the highest risk of crashing,google / organic,0,10,0.00%,7.5
who has the highest risk of crashing?,google / organic,0,3,0.00%,8.3
who initiates divorce more,google / organic,0,1,0.00%,39
who is abc owned by,google / organic,0,1,0.00%,25
who is alfred deakin,google / organic,0,1,0.00%,79
who is an elector in australia,google / organic,0,2,0.00%,25
who is an insurer,google / organic,0,1,0.00%,96
who is australia's allies,google / organic,0,1,0.00%,47
who is in parliament,google / organic,0,1,0.00%,54
who is sbs owned by,google / organic,0,3,0.00%,93
who is the 21st century learner,google / organic,0,2,0.00%,98
who is the guardian of the public purse of the government,google / organic,0,1,0.00%,92
who is the learner,google / organic,0,1,0.00%,86
who is the premier of northern territory,google / organic,0,2,0.00%,34
who killed jill meagher,google / organic,0,7,0.00%,9.7
who oral rehydration,google / organic,0,1,0.00%,43
who owns channel 10 australia,google / organic,0,1,0.00%,53
who owns channel 9,google / organic,0,2,0.00%,23
who owns red energy,google / organic,0,1,0.00%,87
who owns simply energy,google / organic,0,9,0.00%,95
who pandemic phases,google / organic,0,1,0.00%,91
who pays for apprentices tafe fees,google / organic,0,6,0.00%,77
who pays for coal board medical,google / organic,0,3,0.00%,45
who pays for maternity leave,google / organic,0,1,0.00%,39
who pays paid parental leave,google / organic,0,1,0.00%,61
who published the bringing them home report,google / organic,0,1,0.00%,12
who regulates life insurance companies,google / organic,0,3,0.00%,47
who said populate or perish,google / organic,0,1,0.00%,50
who stole the australian welfare fund,google / organic,0,1,0.00%,50
who supplies liberty fuel,google / organic,0,3,0.00%,80
who supplies shell fuel,google / organic,0,9,0.00%,98
who to report money laundering to,google / organic,0,1,0.00%,11
who uses telehealth,google / organic,0,1,0.00%,96
who was in government in 2010,google / organic,0,1,0.00%,94
who were australia's allies in ww2,google / organic,0,1,0.00%,100
who won in victoria election,google / organic,0,1,0.00%,20
who won the 1996 election,google / organic,0,1,0.00%,52
who won the 2016 australian election,google / organic,0,2,0.00%,38
who won the election in victoria,google / organic,0,1,0.00%,18
who won the election victoria,google / organic,0,1,0.00%,20
who won wa state election,google / organic,0,1,0.00%,49
who's who in services,google / organic,0,55,0.00%,43
whodas ndis,google / organic,0,3,0.00%,32
whole of government approach definition,google / organic,0,3,0.00%,44
whole of government contracts nsw,google / organic,0,4,0.00%,23
wholesale appliances bennetts green,google / organic,0,1,0.00%,80
wholesale book distributors australia,google / organic,0,1,0.00%,42
wholesale broadband,google / organic,0,7,0.00%,95
wholesale electricity market,google / organic,0,3,0.00%,31
wholesale electricity price per kwh,google / organic,0,1,0.00%,94
wholesale gasoline prices chart,google / organic,0,1,0.00%,78
wholesale performance,google / organic,0,2,0.00%,44
whs legislation pyramid,google / organic,0,2,0.00%,45
whs regulatory framework,google / organic,0,5,0.00%,56
why am i so busy,google / organic,0,1,0.00%,66
why are 21st century skills important,google / organic,0,4,0.00%,62
why are 21st century skills important pdf,google / organic,0,2,0.00%,31
why are aboriginal crime rates so high,google / organic,0,2,0.00%,67
why are aboriginal incarceration rates so high,google / organic,0,5,0.00%,47
why are aboriginal smoking rates so high,google / organic,0,1,0.00%,41
why are building codes important,google / organic,0,3,0.00%,83
why are children homeless,google / organic,0,1,0.00%,37
why are creative industries important,google / organic,0,1,0.00%,58
why are homeless homeless,google / organic,0,1,0.00%,87
why are houses built so close together,google / organic,0,1,0.00%,15
why are indigenous disadvantaged,google / organic,0,1,0.00%,45
why are indigenous imprisonment rates rising,google / organic,0,4,0.00%,24
why are quad bikes not road legal,google / organic,0,2,0.00%,100
why australia became involved in the vietnam war,google / organic,0,1,0.00%,82
why australia for international students,google / organic,0,5,0.00%,48
why cambodia join asean,google / organic,0,1,0.00%,62
why choose australia for study,google / organic,0,11,0.00%,91
why choose qualitative research over quantitative,google / organic,0,1,0.00%,58
why compulsory voting is good,google / organic,0,3,0.00%,71
why did anh do migrated to australia,google / organic,0,1,0.00%,57
why did australia become involved in the vietnam war,google / organic,0,5,0.00%,89
why did australia fare so well in the global financial crisis,google / organic,0,1,0.00%,31
why did keith and lisa leave four in a bed,google / organic,0,1,0.00%,87
why did the anzacs fight at gallipoli,google / organic,0,1,0.00%,96
why did the anzacs land at gallipoli,google / organic,0,5,0.00%,60
why did the anzacs land in gallipoli,google / organic,0,1,0.00%,48
why do companies engage in offshoring,google / organic,0,1,0.00%,82
why do homeless people's feet swell,google / organic,0,3,0.00%,30
why do international students come to australia,google / organic,0,6,0.00%,16
why do international students pay more,google / organic,0,1,0.00%,36
why do people cyber bully,google / organic,0,1,0.00%,100
why do some people think preventative detention is unfair?,google / organic,0,4,0.00%,70
why do sugar beet factories smell,google / organic,0,1,0.00%,8.0
why do we need multicultural education,google / organic,0,2,0.00%,29
why do we wear rosemary on anzac day,google / organic,0,7,0.00%,64
why do you wear rosemary on anzac day,google / organic,0,3,0.00%,75
why does australia have compulsory voting,google / organic,0,13,0.00%,47
why does spatial inequality exist in urban areas,google / organic,0,1,0.00%,88
why does white collar crime go unreported,google / organic,0,5,0.00%,45
why e learning is so effective,google / organic,0,1,0.00%,36
why ethics matters,google / organic,0,1,0.00%,72
why government matters,google / organic,0,1,0.00%,91
why graffiti is vandalism,google / organic,0,2,0.00%,90
why have fertility rates falling in many countries,google / organic,0,1,0.00%,74
why international students choose to study in australia,google / organic,0,7,0.00%,37
why is a multicultural education important,google / organic,0,1,0.00%,50
why is aboriginal life expectancy so low,google / organic,0,6,0.00%,24
why is australia important to the united states,google / organic,0,1,0.00%,72
why is australia prone to bushfires,google / organic,0,1,0.00%,85
why is australia's population so low,google / organic,0,1,0.00%,75
why is barangaroo significant and important,google / organic,0,2,0.00%,55
why is bicultural ece practice important,google / organic,0,1,0.00%,53
why is broken hill called broken hill,google / organic,0,3,0.00%,89
why is compulsory voting good,google / organic,0,2,0.00%,62
why is cyber bullying a problem,google / organic,0,1,0.00%,54
why is dawn a symbolic time on anzac day,google / organic,0,6,0.00%,51
why is diesel more expensive than petrol in australia,google / organic,0,1,0.00%,98
why is digital inclusion important,google / organic,0,1,0.00%,93
why is documentation of the resident's condition important in the acfi process,google / organic,0,1,0.00%,11
why is gallipoli so important,google / organic,0,1,0.00%,91
why is gallipoli so important to australia,google / organic,0,1,0.00%,97
why is global education important in the 21st century,google / organic,0,1,0.00%,55
why is graffiti vandalism,google / organic,0,1,0.00%,81
why is green space important,google / organic,0,2,0.00%,79
why is indonesia important to australia,google / organic,0,1,0.00%,49
why is it called pork barrel,google / organic,0,2,0.00%,86
why is it compulsory to vote in australia,google / organic,0,7,0.00%,44
why is it mandatory to vote in australia,google / organic,0,1,0.00%,22
why is learning important in the workplace,google / organic,0,1,0.00%,52
why is mandatory detention necessary,google / organic,0,5,0.00%,63
why is multicultural education essential,google / organic,0,1,0.00%,48
why is multicultural education important,google / organic,0,2,0.00%,58
why is multicultural education important?,google / organic,0,1,0.00%,52
why is multiculturalism important,google / organic,0,5,0.00%,67
why is multiculturalism important in australia,google / organic,0,6,0.00%,48
why is multiculturalism important in schools?,google / organic,0,1,0.00%,39
why is non interest income important to banks,google / organic,0,4,0.00%,52
why is northern territory a territory and not a state,google / organic,0,1,0.00%,96
why is norway's prison system so successful,google / organic,0,1,0.00%,43
why is ohs important,google / organic,0,5,0.00%,93
why is qualitative research important in healthcare,google / organic,0,3,0.00%,16
why is safety important in the oil and gas industry,google / organic,0,1,0.00%,70
why is social inclusion important,google / organic,0,9,0.00%,49
why is sydney a liveable city,google / organic,0,2,0.00%,97
why is tafe so expensive,google / organic,0,4,0.00%,25
why is te reo important in early childhood,google / organic,0,2,0.00%,17
why is terrorism used,google / organic,0,1,0.00%,68
why is the treaty of waitangi important in early childhood education,google / organic,0,1,0.00%,93
why is the yarra river brown,google / organic,0,3,0.00%,67
why is tourism increasing,google / organic,0,2,0.00%,87
why is tourism so important to a country,google / organic,0,1,0.00%,53
why is vegemite halal,google / organic,0,1,0.00%,64
why is voting compulsory,google / organic,0,9,0.00%,60
why is voting compulsory in australia,google / organic,0,14,0.00%,50
why is voting important in australia,google / organic,0,1,0.00%,37
why is voting in australia compulsory,google / organic,0,4,0.00%,39
why life insurance is called contract of assurance,google / organic,0,5,0.00%,59
why qualitative research,google / organic,0,2,0.00%,72
why qualitative research is important,google / organic,0,1,0.00%,63
why recycle food waste,google / organic,0,5,0.00%,100
why students choose australia for study,google / organic,0,1,0.00%,51
why study criminology essay,google / organic,0,1,0.00%,51
why study in australia not in india,google / organic,0,2,0.00%,82
why study risk management,google / organic,0,1,0.00%,89
why teach mindfulness in schools,google / organic,0,1,0.00%,26
why use qualitative research,google / organic,0,1,0.00%,76
why vietnamese migrated to australia,google / organic,0,1,0.00%,90
why was na noda mataniciva developed,google / organic,0,1,0.00%,29
why wear rosemary on anzac day,google / organic,0,5,0.00%,49
why were aboriginal children taken,google / organic,0,1,0.00%,87
why were australian troops sent to gallipoli,google / organic,0,1,0.00%,90
why would infectious myringitis be of concern in a preschool,google / organic,0,8,0.00%,67
why you choose australia for study,google / organic,0,2,0.00%,86
whyalla city council jobs,google / organic,0,1,0.00%,89
wicked 2017,google / organic,0,1,0.00%,56
wicked car rental melbourne,google / organic,0,1,0.00%,70
wicked in sydney,google / organic,0,1,0.00%,82
wicked issues,google / organic,0,3,0.00%,28
wicked meaning,google / organic,0,13,0.00%,93
wicked problem,google / organic,0,8,0.00%,71
wicked problem definition,google / organic,0,7,0.00%,40
wicked problem examples,google / organic,0,3,0.00%,67
wicked problems,google / organic,0,28,0.00%,44
wicked problems australia,google / organic,0,12,0.00%,12
wicked problems book,google / organic,0,1,0.00%,60
wicked problems definition,google / organic,0,10,0.00%,48
wicked problems design,google / organic,0,1,0.00%,98
wicked problems examples,google / organic,0,7,0.00%,57
wicked problems meaning,google / organic,0,4,0.00%,23
wicked problems pdf,google / organic,0,19,0.00%,23
wicked programme pdf,google / organic,0,1,0.00%,33
wicked services,google / organic,0,3,0.00%,88
wicked social problems,google / organic,0,1,0.00%,12
wicked wardrobe bunbury,google / organic,0,1,0.00%,50
wicked wicked 1973 download,google / organic,0,1,0.00%,40
wickedness definition,google / organic,0,3,0.00%,96
wickedness meaning,google / organic,0,3,0.00%,67
wickramasinghe,google / organic,0,1,0.00%,87
wide bay burnett regional plan,google / organic,0,8,0.00%,52
wide bay election results 2016,google / organic,0,3,0.00%,44
wide bay electorate,google / organic,0,1,0.00%,73
wide bay nuclear medicine,google / organic,0,6,0.00%,76
wide bay radio stations,google / organic,0,2,0.00%,96
wide comb dispute,google / organic,0,9,0.00%,33
wide comb shearing dispute,google / organic,0,1,0.00%,51
wightman building company,google / organic,0,2,0.00%,85
wiki australian government,google / organic,0,1,0.00%,39
wiki eğitim,google / organic,0,1,0.00%,61
wiki media commons,google / organic,0,1,0.00%,17
wikijournal,google / organic,0,3,0.00%,38
wikimedia commens,google / organic,0,1,0.00%,24
wikimedia commons,google / organic,0,8,0.00%,18
wikimedia commons images public domain,google / organic,0,1,0.00%,70
wikipedia knowing,google / organic,0,1,0.00%,43
wikipedia zika virus,google / organic,0,1,0.00%,94
wikiproject medicine,google / organic,0,2,0.00%,51
wild dog rifle stocks australia,google / organic,0,1,0.00%,76
wild river,google / organic,0,1,0.00%,61
wildlife fund,google / organic,0,1,0.00%,42
wiley library,google / organic,0,2,0.00%,24
wiley online,google / organic,0,2,0.00%,38
wiley online library,google / organic,0,4,0.00%,30
wiley online library journals,google / organic,0,1,0.00%,39
wiley park playground,google / organic,0,2,0.00%,58
wilf chambers,google / organic,0,4,0.00%,78
wilhout,google / organic,0,1,0.00%,90
will an avo show up on a police check,google / organic,0,1,0.00%,64
will ndis pay for a car,google / organic,0,1,0.00%,71
will planning parramatta,google / organic,0,1,0.00%,85
will steffan,google / organic,0,1,0.00%,85
will steffen,google / organic,0,4,0.00%,46
will steffen climate council,google / organic,0,2,0.00%,38
will sydney run out of water,google / organic,0,3,0.00%,20
willawong animal rehoming centre,google / organic,0,2,0.00%,31
willcraft perth,google / organic,0,2,0.00%,92
willheim,google / organic,0,1,0.00%,41
william and catherine booth what were they called nation shakers,google / organic,0,3,0.00%,80
william angliss fees,google / organic,0,10,0.00%,59
william angliss uniform,google / organic,0,2,0.00%,41
william barak apartment,google / organic,0,6,0.00%,54
william bowe poll bludger,google / organic,0,2,0.00%,42
william d eggers,google / organic,0,1,0.00%,61
william eggers deloitte,google / organic,0,1,0.00%,78
william fogarty,google / organic,0,8,0.00%,23
william locke,google / organic,0,1,0.00%,38
william lukamto,google / organic,0,2,0.00%,27
william palmer contract (epub|pdf),google / organic,0,1,0.00%,77
william webber,google / organic,0,1,0.00%,20
williams 2010 qualitative research,google / organic,0,7,0.00%,10
williams development demography and family decision making pdf,google / organic,0,2,0.00%,85
williams imagining criminology (epub|lit|mob),google / organic,0,2,0.00%,17
williams imagining criminology torrent,google / organic,0,1,0.00%,17
williams newman social media political marketing and the 2016 u.s. election (epub|lit|mob),google / organic,0,1,0.00%,17
williams real estate moranbah,google / organic,0,1,0.00%,77
williams swyngedouw tapping the oceans,google / organic,0,1,0.00%,86
williamson community leadership program,google / organic,0,1,0.00%,130
williamstown voting locations,google / organic,0,1,0.00%,51
williamtown radar loop 256,google / organic,0,3,0.00%,49
willie wagtail lifespan,google / organic,0,1,0.00%,98
willing to believe,google / organic,0,1,0.00%,66
willis electorate,google / organic,0,1,0.00%,46
wills electorate map,google / organic,0,1,0.00%,68
wills federal electorate,google / organic,0,1,0.00%,47
willy conley visual gestural communication pdf,google / organic,0,2,0.00%,85
willy wagtail lifespan,google / organic,0,8,0.00%,78
willy wagtail superstition,google / organic,0,1,0.00%,66
willy weather smithton,google / organic,0,2,0.00%,43
willy weather thursday island,google / organic,0,1,0.00%,43
willy weather townsville,google / organic,0,1,0.00%,50
willy weather traralgon,google / organic,0,1,0.00%,82
willy weather yeppoon,google / organic,0,1,0.00%,83
willys tide times,google / organic,0,1,0.00%,56
wilson and clyde coal v english 1937,google / organic,0,1,0.00%,54
wilson homes tasmania,google / organic,0,2,0.00%,52
wilson live fibre surf rod review,google / organic,0,1,0.00%,70
wilson parking fed square,google / organic,0,1,0.00%,77
wilson security head office,google / organic,0,1,0.00%,85
wilson security nauru,google / organic,0,4,0.00%,91
wilson security rapid,google / organic,0,2,0.00%,99
wilson security training,google / organic,0,4,0.00%,84
wilsons security,google / organic,0,1,0.00%,95
wilsons security brisbane,google / organic,0,1,0.00%,84
wilsons security canberra,google / organic,0,4,0.00%,53
wimmera duck pluckers,google / organic,0,1,0.00%,44
wimmera football league live scores,google / organic,0,1,0.00%,61
wimmera football results,google / organic,0,1,0.00%,73
wimmera mail times classifieds,google / organic,0,1,0.00%,58
wimmera mail times jobs,google / organic,0,1,0.00%,56
win news ballarat episodes,google / organic,0,2,0.00%,62
win news toowoomba episodes,google / organic,0,3,0.00%,55
wind breaks,google / organic,0,2,0.00%,88
wind turbine generators,google / organic,0,1,0.00%,98
windana rehab,google / organic,0,1,0.00%,72
windscreen doctor wagga,google / organic,0,1,0.00%,97
windscreens western downs,google / organic,0,3,0.00%,73
windy hill nursery orange,google / organic,0,1,0.00%,66
winnie byanyima quotes,google / organic,0,4,0.00%,45
winnie lau,google / organic,0,1,0.00%,64
winsome mccaughey,google / organic,0,1,0.00%,97
winston peter,google / organic,0,1,0.00%,58
winter & stewart owners corporation managers,google / organic,0,1,0.00%,90
winter gas concession,google / organic,0,1,0.00%,84
winterford,google / organic,0,1,0.00%,46
winzenberg,google / organic,0,1,0.00%,24
wipeout (1999 australian game show),google / organic,0,2,0.00%,41
wiradjuri baby names,google / organic,0,2,0.00%,88
wirth consulting,google / organic,0,2,0.00%,33
wise employment dandenong,google / organic,0,1,0.00%,82
witchery mt lawley,google / organic,0,3,0.00%,75
witchery port macquarie,google / organic,0,1,0.00%,85
witchery south wharf dfo,google / organic,0,1,0.00%,64
withdraw work with bishop in tv corporation,google / organic,0,1,0.00%,90
withered exposed to volatile fel,google / organic,0,2,0.00%,53
withholding tax australia no abn,google / organic,0,2,0.00%,94
withholding tax in taiwan,google / organic,0,1,0.00%,94
wj v at [2016] qdc 211,google / organic,0,3,0.00%,20
wkwk land meaning,google / organic,0,2,0.00%,70
wme seo alternatives,google / organic,0,22,0.00%,81
wns qld pty ltd,google / organic,0,1,0.00%,47
woden master plan,google / organic,0,1,0.00%,67
wodonga doctors bulk bill,google / organic,0,14,0.00%,38
wodonga fuel prices,google / organic,0,1,0.00%,62
wodonga post code,google / organic,0,1,0.00%,94
wodonga specialist obstetricians & gynaecologists,google / organic,0,2,0.00%,92
wodonga taxi fare calculator,google / organic,0,1,0.00%,42
wodonga to melbourne train timetable,google / organic,0,1,0.00%,57
wodonga train timetable,google / organic,0,2,0.00%,54
wok and roll bega,google / organic,0,1,0.00%,46
wok and roll nedlands,google / organic,0,1,0.00%,67
wok n roll nedlands,google / organic,0,3,0.00%,60
wok temptation southport,google / organic,0,1,0.00%,40
wolfe hearing papakura,google / organic,0,1,0.00%,55
wolff tu vivo retrato download,google / organic,0,1,0.00%,48
wolff tu vivo retrato epub,google / organic,0,1,0.00%,54
wolff tu vivo retrato pdf,google / organic,0,9,0.00%,62
wolfgang feist,google / organic,0,5,0.00%,22
wolfgramm family,google / organic,0,1,0.00%,29
wolfgramm family tree,google / organic,0,1,0.00%,51
wolfmart stony brook,google / organic,0,2,0.00%,41
wollan,google / organic,0,2,0.00%,68
wollondilly buy swap and sell,google / organic,0,4,0.00%,48
wollondilly shire council zoning map,google / organic,0,2,0.00%,59
wollongong aboriginal medical centre,google / organic,0,1,0.00%,54
wollongong crime statistics,google / organic,0,4,0.00%,12
wollongong graffiti,google / organic,0,3,0.00%,73
wollongong pre poll,google / organic,0,1,0.00%,43
wollongong street art,google / organic,0,4,0.00%,79
wollongong water restrictions,google / organic,0,4,0.00%,27
wolstenholmes theorem tutor,google / organic,0,6,0.00%,80
wombat seconds and salvage,google / organic,0,2,0.00%,72
women amp girls,google / organic,0,13,0.00%,16
women and men in stem often at odds over workplace equity,google / organic,0,2,0.00%,11
women employment,google / organic,0,2,0.00%,78
women in parliament,google / organic,0,1,0.00%,75
women in transportation,google / organic,0,1,0.00%,87
women parliaments world classification interparliamentary,google / organic,0,1,0.00%,84
women with disabilities victoria,google / organic,0,3,0.00%,44
women's business aboriginal health,google / organic,0,1,0.00%,74
women's centre for health matters,google / organic,0,1,0.00%,6.0
women's clinic melbourne bulk bill,google / organic,0,1,0.00%,48
women's education and birth rate,google / organic,0,1,0.00%,50
women's fertility rates by age,google / organic,0,1,0.00%,100
women's health atlas,google / organic,0,1,0.00%,8.0
women's health victoria,google / organic,0,33,0.00%,11
women's healthworks joondalup,google / organic,0,1,0.00%,77
women's information referral exchange,google / organic,0,2,0.00%,16
women's prisons australia,google / organic,0,3,0.00%,45
women's prisons in australia,google / organic,0,5,0.00%,35
women's prisons victoria,google / organic,0,1,0.00%,80
women's prisons wa,google / organic,0,1,0.00%,64
women's rights employment,google / organic,0,1,0.00%,81
women's services network,google / organic,0,2,0.00%,7.5
women’s health victoria,google / organic,0,2,0.00%,10
womens budget group,google / organic,0,1,0.00%,53
womens drug rug,google / organic,0,1,0.00%,75
womens health atlas,google / organic,0,1,0.00%,9.0
womens health victoria,google / organic,0,28,0.00%,17
womens legal service hobart,google / organic,0,1,0.00%,95
womens legal service victoria,google / organic,0,1,0.00%,93
wondakka,google / organic,0,22,0.00%,10
wondakka mental health,google / organic,0,3,0.00%,10
wonnarua totem,google / organic,0,1,0.00%,80
wonsoon nc,google / organic,0,3,0.00%,30
wood burners canterbury,google / organic,0,1,0.00%,99
wood irresponsible self (epub|pdf),google / organic,0,1,0.00%,58
wood n logs seaford,google / organic,0,4,0.00%,67
woodhams relocation centre,google / organic,0,1,0.00%,93
woodridge crime rate,google / organic,0,1,0.00%,61
woodward after the deafening (epub|pdf),google / organic,0,8,0.00%,58
woodward motors hawkes bay,google / organic,0,1,0.00%,98
wool bale bags bunnings,google / organic,0,1,0.00%,83
wool innovation,google / organic,0,1,0.00%,33
wool selling roster,google / organic,0,3,0.00%,44
woolcock power impartiality and justice download,google / organic,0,6,0.00%,87
woolgoolga waste transfer station,google / organic,0,3,0.00%,68
woollahra council parking permit,google / organic,0,2,0.00%,70
woollahra library catalogue,google / organic,0,1,0.00%,45
woolley building,google / organic,0,1,0.00%,100
woolrich australia,google / organic,0,2,0.00%,69
woolworths caster sugar,google / organic,0,3,0.00%,81
woolworths csi projects,google / organic,0,1,0.00%,38
woolworths csr programmes,google / organic,0,1,0.00%,120
woolworths csr projects,google / organic,0,1,0.00%,89
woolworths distribution centre barnawartha,google / organic,0,1,0.00%,90
woolworths frequent shopper card replacement,google / organic,0,4,0.00%,77
woolworths granville easter trading hours,google / organic,0,1,0.00%,43
woolworths industry sector,google / organic,0,1,0.00%,49
woolworths lamb offcuts??,google / organic,0,2,0.00%,84
woolworths loyalty program,google / organic,0,1,0.00%,74
woolworths macro chicken halal,google / organic,0,3,0.00%,69
woolworths mulch,google / organic,0,2,0.00%,77
woolworths paper shredder,google / organic,0,3,0.00%,42
woolworths petrol ballarat,google / organic,0,1,0.00%,59
woolworths petrol geraldton,google / organic,0,1,0.00%,67
woolworths petrol prices adelaide,google / organic,0,1,0.00%,53
woolworths poppy appeal,google / organic,0,1,0.00%,96
woolworths raw sugar,google / organic,0,3,0.00%,26
woolworths srdc,google / organic,0,1,0.00%,58
woolworths sugar,google / organic,0,1,0.00%,52
woolworths sustainability strategy,google / organic,0,1,0.00%,99
woolworths vincentia easter trading hours,google / organic,0,2,0.00%,39
woolworths vincentia jobs,google / organic,0,1,0.00%,58
woolworths weed and feed,google / organic,0,3,0.00%,96
woomera definition,google / organic,0,2,0.00%,95
woomera detention,google / organic,0,1,0.00%,75
woomera meaning,google / organic,0,12,0.00%,97
woorabinda police station,google / organic,0,2,0.00%,82
word cloud uq,google / organic,0,1,0.00%,46
wordpress update adelaide,google / organic,0,2,0.00%,91
words that end in rch,google / organic,0,1,0.00%,96
words that rhyme with fiji,google / organic,0,3,0.00%,64
work and training,google / organic,0,1,0.00%,62
work choices,google / organic,0,1,0.00%,92
work directions,google / organic,0,2,0.00%,89
work effectively with others learning resources,google / organic,0,1,0.00%,78
work ethics for teachers,google / organic,0,3,0.00%,98
work ethics pdf,google / organic,0,1,0.00%,96
work ethics reflection paper,google / organic,0,3,0.00%,34
work for grey nomads,google / organic,0,1,0.00%,36
work for international students in australia,google / organic,0,1,0.00%,58
work health and safety (mines and petroleum sites) act 2013,google / organic,0,1,0.00%,74
work health and safety regulations sa,google / organic,0,7,0.00%,82
work in offshore,google / organic,0,1,0.00%,88
work in solomon islands,google / organic,0,1,0.00%,55
work integrated learning in the 21st century,google / organic,0,1,0.00%,88
work integrated learning in the 21st century (epub|pdf),google / organic,0,2,0.00%,77
work rights for international students in australia,google / organic,0,1,0.00%,63
work rights in australia for international students,google / organic,0,3,0.00%,85
work safety hub,google / organic,0,1,0.00%,54
work solutions,google / organic,0,47,0.00%,25
work wellness manukau,google / organic,0,1,0.00%,59
workbox 3.0 australia,google / organic,0,10,0.00%,40
workcare,google / organic,0,1,0.00%,85
workcover australia,google / organic,0,5,0.00%,88
workcover prosecutions brisbane,google / organic,0,53,0.00%,57
workcover surveillance tricks,google / organic,0,11,0.00%,67
worker mobility,google / organic,0,52,0.00%,32
worker rights,google / organic,0,1,0.00%,55
worker rights consortium,google / organic,0,1,0.00%,7.0
workers compensation regulator,google / organic,0,1,0.00%,92
workers rights consortium,google / organic,0,1,0.00%,9.0
workforce australia,google / organic,0,1,0.00%,4.0
workforce casualisation,google / organic,0,6,0.00%,24
workforce diversity in human resource management,google / organic,0,1,0.00%,100
workforce elearning,google / organic,0,12,0.00%,8.4
workforce in australia,google / organic,0,1,0.00%,6.0
workforce learning and development,google / organic,0,1,0.00%,72
workforce solutions archerfield,google / organic,0,1,0.00%,75
workforce table saw,google / organic,0,1,0.00%,29
workforce training and development,google / organic,0,2,0.00%,90
working age population by state,google / organic,0,1,0.00%,69
working and learning,google / organic,0,1,0.00%,75
working effectively within the workplace and with others pdf,google / organic,0,1,0.00%,43
working for a foster care agency,google / organic,0,1,0.00%,98
working for the un,google / organic,0,1,0.00%,96
working in a brothel australia,google / organic,0,2,0.00%,60
working in children's homes challenges and complexities,google / organic,0,1,0.00%,52
working in human service organisations,google / organic,0,1,0.00%,95
working in risk management,google / organic,0,1,0.00%,99
working offshore,google / organic,0,4,0.00%,53
working offshore australia,google / organic,0,2,0.00%,86
working sci-hub domains,google / organic,0,2,0.00%,58
working unpaid overtime,google / organic,0,1,0.00%,94
working visa tax rates,google / organic,0,1,0.00%,92
working while on paid parental leave,google / organic,0,2,0.00%,52
working with aboriginal people and communities,google / organic,0,1,0.00%,7.0
working with childrens check renewal wa,google / organic,0,1,0.00%,74
working with communities in health and human services,google / organic,0,2,0.00%,74
working with homeless children,google / organic,0,1,0.00%,27
working with indigenous youth,google / organic,0,1,0.00%,2.0
working with international students,google / organic,0,4,0.00%,43
working with muslim clients,google / organic,0,2,0.00%,71
working with qualitative data,google / organic,0,1,0.00%,99
working with refugees in sydney,google / organic,0,3,0.00%,86
working with victims of crime,google / organic,0,1,0.00%,62
working with young offenders,google / organic,0,5,0.00%,51
workplace based training,google / organic,0,2,0.00%,68
workplace book distributors,google / organic,0,1,0.00%,51
workplace deaths australia 2018,google / organic,0,6,0.00%,52
workplace design,google / organic,0,7,0.00%,83
workplace education and training,google / organic,0,2,0.00%,46
workplace elearning,google / organic,0,1,0.00%,5.0
workplace enablement,google / organic,0,2,0.00%,87
workplace learning activities,google / organic,0,1,0.00%,56
workplace learning and development,google / organic,0,1,0.00%,69
workplace learning definition,google / organic,0,2,0.00%,87
workplace learning pdf,google / organic,0,4,0.00%,50
workplace learning technology 2015,google / organic,0,11,0.00%,23
workplace learning theory,google / organic,0,1,0.00%,90
workplace learninga learning management system,google / organic,0,9,0.00%,97
workplace management pdf,google / organic,0,1,0.00%,99
workplace offences and workcover prosecutions,google / organic,0,57,0.00%,77
workplace offences and workcover prosecutions brisbane,google / organic,0,112,0.00%,40
workplace pandemic preparedness plan,google / organic,0,1,0.00%,87
workplace relations framework,google / organic,0,4,0.00%,45
workplace research,google / organic,0,1,0.00%,3.0
workplace training methods,google / organic,0,6,0.00%,84
workplace training strategies,google / organic,0,1,0.00%,60
works engineering,google / organic,0,1,0.00%,94
worksafe audit,google / organic,0,2,0.00%,47
worksafe prosecutions database,google / organic,0,10,0.00%,17
worksafe report unsafe workplace,google / organic,0,1,0.00%,51
worksafe victoria prosecutions,google / organic,0,1,0.00%,77
worksafe wa prosecutions,google / organic,0,6,0.00%,56
workshop agenda,google / organic,0,3,0.00%,77
workshop setting,google / organic,0,1,0.00%,13
workshop summary report,google / organic,0,1,0.00%,16
workskills new norfolk,google / organic,0,2,0.00%,74
worksolutions,google / organic,0,3,0.00%,53
world bank australia,google / organic,0,1,0.00%,34
world bank carbon tax,google / organic,0,1,0.00%,92
world bank future of work,google / organic,0,2,0.00%,81
world bank open knowledge,google / organic,0,1,0.00%,74
world bank reports,google / organic,0,1,0.00%,100
world biogas association,google / organic,0,1,0.00%,2.0
world cafe method,google / organic,0,1,0.00%,86
world cities culture,google / organic,0,1,0.00%,91
world cities culture forum,google / organic,0,7,0.00%,52
world cities culture report,google / organic,0,1,0.00%,53
world competitive yearbook,google / organic,0,2,0.00%,83
world competitiveness report 2016,google / organic,0,3,0.00%,71
world competitiveness yearbook,google / organic,0,2,0.00%,94
world crime statistics by country,google / organic,0,1,0.00%,60
world drug report,google / organic,0,1,0.00%,77
world drug report 2009,google / organic,0,1,0.00%,20
world drug report 2014,google / organic,0,5,0.00%,51
world economic and social survey 2013: sustainable development challenges,google / organic,0,3,0.00%,32
world economic and social survey 2018,google / organic,0,3,0.00%,8.7
world economic development,google / organic,0,1,0.00%,71
world economic forum 2018,google / organic,0,1,0.00%,170
world economic forum 21st century skills,google / organic,0,1,0.00%,71
world economic forum global information technology report,google / organic,0,1,0.00%,70
world economic forum global information technology report 2018,google / organic,0,1,0.00%,31
world economic forum mapping global transformations,google / organic,0,1,0.00%,9.0
world economic situation,google / organic,0,1,0.00%,110
world economic survey,google / organic,0,1,0.00%,75
world environment,google / organic,0,14,0.00%,3.0
world environment day melbourne,google / organic,0,2,0.00%,3.0
world environmental day,google / organic,0,5,0.00%,3.2
world giving index,google / organic,0,1,0.00%,83
world happiness report 2013,google / organic,0,8,0.00%,27
world heritage site great barrier reef,google / organic,0,1,0.00%,58
world inequality lab,google / organic,0,15,0.00%,11
world inequality report,google / organic,0,3,0.00%,80
world learning hub,google / organic,0,3,0.00%,78
world peace index,google / organic,0,11,0.00%,62
world peace index 2018,google / organic,0,2,0.00%,33
world population clock australia,google / organic,0,3,0.00%,51
world poverty statistics 2018 pdf,google / organic,0,1,0.00%,75
world report on child injury prevention,google / organic,0,1,0.00%,48
world review of science technology and sustainable development,google / organic,0,1,0.00%,84
world skills australia,google / organic,0,1,0.00%,79
world terror committee,google / organic,0,1,0.00%,81
world the 2030 agenda for,google / organic,0,1,0.00%,140
world trade centre sydney,google / organic,0,8,0.00%,66
world travel and tourism council data,google / organic,0,1,0.00%,82
world university rankings 2015,google / organic,0,3,0.00%,30
world university rankings 2016,google / organic,0,1,0.00%,64
world urban parks,google / organic,0,3,0.00%,50
world values survey,google / organic,0,1,0.00%,73
world values survey australia,google / organic,0,1,0.00%,7.0
world vision,google / organic,0,1,0.00%,82
world vision aus,google / organic,0,1,0.00%,47
world vision australia,google / organic,0,15,0.00%,59
world wide fund for nature australia,google / organic,0,1,0.00%,60
world wildlife crime report,google / organic,0,4,0.00%,80
world wildlife fund,google / organic,0,1,0.00%,55
world's environment day,google / organic,0,3,0.00%,4.0
worldly goods colac,google / organic,0,2,0.00%,62
worldometers australia,google / organic,0,6,0.00%,67
worlds environment day,google / organic,0,4,0.00%,5.0
worldsex writers yearly zimbabwe,google / organic,0,1,0.00%,46
worldskills australia,google / organic,0,1,0.00%,64
worldvision australia,google / organic,0,2,0.00%,50
worm composting pdf,google / organic,0,1,0.00%,71
worm farm composting system,google / organic,0,1,0.00%,100
worm farm food poster,google / organic,0,2,0.00%,31
worm farm melbourne,google / organic,0,3,0.00%,65
worm farms adelaide,google / organic,0,1,0.00%,91
worm farms for apartments,google / organic,0,2,0.00%,29
worm farms melbourne,google / organic,0,3,0.00%,55
worm fattener bunnings,google / organic,0,15,0.00%,16
worm lovers hungry bin,google / organic,0,2,0.00%,22
woronora dam level,google / organic,0,2,0.00%,78
worst ice towns in australia,google / organic,0,1,0.00%,100
wound assessment chart nsw,google / organic,0,1,0.00%,59
wow apo,google / organic,0,1,0.00%,63
wreck this journal target australia,google / organic,0,1,0.00%,74
wright bros removal homes,google / organic,0,1,0.00%,79
wrights tractors kangaroo valley,google / organic,0,3,0.00%,69
"write the number in each sentence in standard form.s ocial s cience the 2010 population of kansas city, missouri, was approximately four hundred fifty-nine thousand, eight hundred.",google / organic,0,2,0.00%,90
writing a qualitative research findings sample,google / organic,0,32,0.00%,34
writing a qualitative research paper,google / organic,0,41,0.00%,73
writing a qualitative research question,google / organic,0,4,0.00%,85
writing a qualitative research report,google / organic,0,1,0.00%,40
writing a qualitative research report in psychology,google / organic,0,1,0.00%,75
"writing assignment emerging practices in managerial accounting in april 2015, mcdonalds corporation , faced with declining revenues and profits, reported that as a part of a larger restructuring plan it planned to close 700 of its company-owned",google / organic,0,1,0.00%,100
writing qualitative research questions,google / organic,0,19,0.00%,80
writing up qualitative research,google / organic,0,3,0.00%,56
writing up qualitative research findings,google / organic,0,32,0.00%,46
wrongful conviction australia,google / organic,0,1,0.00%,73
wrongful conviction cases in australia,google / organic,0,8,0.00%,84
wrongful convictions australia,google / organic,0,7,0.00%,83
wrongful convictions definition,google / organic,0,2,0.00%,99
wrongful convictions in australia,google / organic,0,1,0.00%,77
wrongful convictions statistics australia,google / organic,0,10,0.00%,53
wrongful convictions western australia,google / organic,0,3,0.00%,50
wrongful death nsw,google / organic,0,1,0.00%,77
wrongful imprisonment australia,google / organic,0,3,0.00%,90
wrongfully convicted definition,google / organic,0,1,0.00%,79
wsea,google / organic,0,2,0.00%,35
wsroc,google / organic,0,1,0.00%,51
wsroc tenders,google / organic,0,3,0.00%,31
wsw pty ltd north hobart,google / organic,0,2,0.00%,25
wt partnership perth,google / organic,0,2,0.00%,60
wto caribbean,google / organic,0,1,0.00%,90
wto nicaragua,google / organic,0,1,0.00%,59
wttc 2006,google / organic,0,4,0.00%,35
wttc data,google / organic,0,2,0.00%,70
wttc tourism statistics,google / organic,0,4,0.00%,47
wu forging trust communities (epub|pdf),google / organic,0,1,0.00%,82
wugularr school,google / organic,0,1,0.00%,69
wujiaochang shopping mall,google / organic,0,1,0.00%,68
wurdi youang,google / organic,0,14,0.00%,84
wurdi youang rock formation in victoria,google / organic,0,3,0.00%,22
wurdi youang stone,google / organic,0,1,0.00%,31
wurdi youang stone arrangement,google / organic,0,7,0.00%,31
wurdi youang stones,google / organic,0,2,0.00%,34
wurundjeri artists,google / organic,0,5,0.00%,63
wurundjeri council,google / organic,0,2,0.00%,95
wurundjeri stories,google / organic,0,2,0.00%,62
wurundjeri tribe land and compensation cultural heritage council,google / organic,0,7,0.00%,40
wuyin,google / organic,0,5,0.00%,18
wwha flickr,google / organic,0,1,0.00%,46
www abs gov au survey,google / organic,0,1,0.00%,83
www australiantenders com,google / organic,0,1,0.00%,33
www border gov au,google / organic,0,5,0.00%,87
www border gov au trav visa fees,google / organic,0,17,0.00%,74
www border gov au trav visa immi,google / organic,0,1,0.00%,69
www education qld gov au schoolopinionsurvey,google / organic,0,1,0.00%,41
www free basics,google / organic,0,1,0.00%,32
www greater,google / organic,0,1,0.00%,58
www heraldsun com au,google / organic,0,2,0.00%,76
www heritageonline com au,google / organic,0,2,0.00%,45
www immi.gov.au,google / organic,0,1,0.00%,69
www peoplescu org,google / organic,0,2,0.00%,93
www rch,google / organic,0,4,0.00%,53
www sci hub io,google / organic,0,4,0.00%,66
www sci hub org,google / organic,0,9,0.00%,63
www sci hub tw,google / organic,0,4,0.00%,84
www un,google / organic,0,2,0.00%,42
www un org,google / organic,0,6,0.00%,51
www usgbc org,google / organic,0,1,0.00%,95
www. sci-hub.org,google / organic,0,1,0.00%,50
www.abs.gov.au,google / organic,0,2,0.00%,51
www.abs.gov.au/careers,google / organic,0,1,0.00%,80
www.acecqa.gov.au,google / organic,0,2,0.00%,49
www.activ8me.net.au my account,google / organic,0,5,0.00%,49
www.aihw.gov.au,google / organic,0,3,0.00%,13
www.amnesty.org.au,google / organic,0,1,0.00%,57
www.ato.gov.au/frwt certificate.aspx,google / organic,0,2,0.00%,28
www.aucklandcouncil,google / organic,0,3,0.00%,27
www.auroraenergy.com.au/self meter read,google / organic,0,1,0.00%,42
www.ausaid.gov.au,google / organic,0,2,0.00%,48
www.australiansex.com,google / organic,0,2,0.00%,85
www.border.gov.au,google / organic,0,8,0.00%,75
www.border.gov.au/forms/documents/929.pdf,google / organic,0,1,0.00%,81
www.border.gov.au/trav/visa/immi,google / organic,0,1,0.00%,98
www.borders.com.au,google / organic,0,1,0.00%,92
www.boystown.com.au,google / organic,0,11,0.00%,63
www.brimbank city council.com.au,google / organic,0,1,0.00%,79
www.brimbank.vic.gov.au,google / organic,0,3,0.00%,76
www.car.com.au/updating-registry-records,google / organic,0,1,0.00%,26
www.careeinsidetrack.com,google / organic,0,1,0.00%,18
www.ccc.tas.gov.au online payments,google / organic,0,1,0.00%,27
www.cese.nsw.gov.au/effective practices,google / organic,0,1,0.00%,3.0
www.childcarecanada.org,google / organic,0,1,0.00%,86
www.cis,google / organic,0,2,0.00%,85
www.courts.dotag.wa.gov.au,google / organic,0,2,0.00%,78
www.courts.sa.gov.au,google / organic,0,2,0.00%,66
www.dss.gov.au,google / organic,0,1,0.00%,51
www.eccv.org,google / organic,0,4,0.00%,42
www.education.vic.gov.au/languages online/french,google / organic,0,2,0.00%,90
www.elections.org.nz,google / organic,0,1,0.00%,35
www.familycourt.gov.au,google / organic,0,5,0.00%,61
www.foxtel.com.au/register/default.htm,google / organic,0,1,0.00%,87
www.goingtouni.gov.au,google / organic,0,1,0.00%,72
www.goodstart.org.au webmail,google / organic,0,2,0.00%,38
www.heritageonline,google / organic,0,1,0.00%,89
www.heritageonline.com.au,google / organic,0,2,0.00%,92
www.hillstv.com au/fs,google / organic,0,1,0.00%,17
www.hillstv.com au/hm,google / organic,0,5,0.00%,6.6
www.hillstv.com au/rh,google / organic,0,1,0.00%,23
www.hobsonsbay.vic.gov.au/fees-forms/pay-a-bill,google / organic,0,1,0.00%,90
www.immi,google / organic,0,1,0.00%,61
www.immi.gov.au,google / organic,0,5,0.00%,64
www.immi.gov.au visa,google / organic,0,1,0.00%,43
www.indigenous.gov.au,google / organic,0,1,0.00%,83
www.justice.nsw.gov.au,google / organic,0,1,0.00%,37
www.livingstone.qld.gov.au,google / organic,0,1,0.00%,92
www.maic.qld.gov.au/ctp-premium-calculator,google / organic,0,4,0.00%,73
www.mediamonitors.com,google / organic,0,1,0.00%,38
www.moneysmart.gov.au,google / organic,0,1,0.00%,87
www.mornpen.vic.gov.au,google / organic,0,1,0.00%,31
www.naplan.edu.au,google / organic,0,1,0.00%,63
www.nced.com/retail partners/index.html,google / organic,0,5,0.00%,27
www.ncver.edu.au/sos survey,google / organic,0,1,0.00%,8.0
www.neln.org,google / organic,0,11,0.00%,42
www.oaic.gov.au,google / organic,0,8,0.00%,3.9
www.oten.edu.au,google / organic,0,1,0.00%,81
www.passports.gov.au/forms/documents/b11.pdf,google / organic,0,1,0.00%,63
www.productsafety.gov.au,google / organic,0,1,0.00%,64
www.qilt.edu.au,google / organic,0,3,0.00%,79
www.rch,google / organic,0,1,0.00%,84
www.rch.org.au,google / organic,0,13,0.00%,7.5
www.revenue.nsw.gov.au my penalty,google / organic,0,1,0.00%,78
www.revenue.nsw.gov.au/my penalty,google / organic,0,1,0.00%,74
www.sci hub tw,google / organic,0,1,0.00%,40
www.sci hub.tw,google / organic,0,1,0.00%,85
www.sci-hub,google / organic,0,21,0.00%,65
www.sci-hub-tw,google / organic,0,8,0.00%,60
www.sci-hub.,google / organic,0,2,0.00%,58
www.sci-hub.btw,google / organic,0,2,0.00%,18
www.sci-hub.bz,google / organic,0,3,0.00%,44
www.sci-hub.cc,google / organic,0,5,0.00%,65
www.sci-hub.com,google / organic,0,4,0.00%,81
www.sci-hub.doi,google / organic,0,1,0.00%,30
www.sci-hub.hk,google / organic,0,1,0.00%,51
www.sci-hub.io,google / organic,0,4,0.00%,38
www.sci-hub.iw,google / organic,0,1,0.00%,40
www.sci-hub.oi,google / organic,0,3,0.00%,78
www.sci-hub.org,google / organic,0,10,0.00%,70
www.sci-hub.org alternative,google / organic,0,1,0.00%,64
www.sci-hub.org papers,google / organic,0,2,0.00%,59
www.sci-hub.org proxy,google / organic,0,2,0.00%,36
www.sci-hub.tw,google / organic,0,21,0.00%,64
www.sci-hub.tw not working,google / organic,0,1,0.00%,87
www.sci-hub.twi,google / organic,0,1,0.00%,26
www.sci-hub.wz,google / organic,0,1,0.00%,44
www.sci-hub/tw,google / organic,0,6,0.00%,64
www.sci.hub.bc,google / organic,0,1,0.00%,9.0
www.sciencedirect.com.sci-hub,google / organic,0,3,0.00%,39
www.scihub,google / organic,0,1,0.00%,51
www.scihub-bz,google / organic,0,1,0.00%,42
www.scihub-tw,google / organic,0,2,0.00%,58
www.scihub.com,google / organic,0,1,0.00%,93
www.scihub.tw,google / organic,0,1,0.00%,45
www.scti.co.nz claims,google / organic,0,1,0.00%,65
www.service.transport.qld.gov.au/change ctpinsurance,google / organic,0,1,0.00%,40
www.shimonoseki.cci.or.jp,google / organic,0,1,0.00%,5.0
www.smh.com.au,google / organic,0,1,0.00%,37
www.superannuation.asn.au,google / organic,0,1,0.00%,77
www.tomtom.com,google / organic,0,1,0.00%,80
www.tomtom.com australia,google / organic,0,1,0.00%,78
www.transport.wa.gov.au/dvs account lookup,google / organic,0,4,0.00%,26
www.transport.wa.gov.au/dvs online payments,google / organic,0,2,0.00%,63
www.travelsurvey.tmr.qld.gov.au,google / organic,0,2,0.00%,41
www.un.org,google / organic,0,1,0.00%,36
www.unisa,google / organic,0,34,0.00%,7.0
www.unisa.edu.au,google / organic,0,58,0.00%,7.6
www.usgbc.org,google / organic,0,2,0.00%,83
www.vec.vic.gov.au change address,google / organic,0,1,0.00%,46
www.wakayama-cci.or.jp/wakayama.shtml,google / organic,0,2,0.00%,2.0
wwwrch,google / organic,0,2,0.00%,24
wyatt smith,google / organic,0,1,0.00%,88
wyatt trust,google / organic,0,3,0.00%,29
wye river bushfire,google / organic,0,1,0.00%,71
wye river fires 2015,google / organic,0,1,0.00%,79
wynard maccas,google / organic,0,2,0.00%,36
wyndham city council hard rubbish collection,google / organic,0,1,0.00%,69
wyndham council pergola permit,google / organic,0,4,0.00%,65
wyndham council pergola regulations,google / organic,0,1,0.00%,63
wyndham council rates calculator,google / organic,0,1,0.00%,58
wyndham estate prime ministers port series 1,google / organic,0,1,0.00%,63
wyndham melbourne suburb,google / organic,0,1,0.00%,96
wynne transport,google / organic,0,1,0.00%,85
wynyard maccas,google / organic,0,2,0.00%,32
wyong council ground closures,google / organic,0,1,0.00%,32
wyong ed,google / organic,0,1,0.00%,12
wyong electorate,google / organic,0,2,0.00%,47
wyong emergency,google / organic,0,2,0.00%,80
wyong emergency department,google / organic,0,4,0.00%,57
wyong hospital emergency department,google / organic,0,1,0.00%,35
wyong hospital emergency waiting time,google / organic,0,3,0.00%,12
wyong hospital wait times,google / organic,0,2,0.00%,23
wyong paediatric assessment unit,google / organic,0,1,0.00%,28
x media lab,google / organic,0,1,0.00%,48
xa 866 visa,google / organic,0,1,0.00%,81
xanana,google / organic,0,1,0.00%,88
xanana gusmão,google / organic,0,1,0.00%,99
xavier mayes,google / organic,0,2,0.00%,48
xiaochen chen,google / organic,0,2,0.00%,16
xin deng,google / organic,0,1,0.00%,84
xiying,google / organic,0,1,0.00%,93
xiying wang,google / organic,0,11,0.00%,17
xlrange matlab,google / organic,0,1,0.00%,80
xpt carriage layout,google / organic,0,1,0.00%,94
xt network saint aver,google / organic,0,2,0.00%,24
xtreme sports betting,google / organic,0,1,0.00%,32
xtremescreen meaning,google / organic,0,1,0.00%,48
xu yu,google / organic,0,3,0.00%,85
xuemao wang,google / organic,0,2,0.00%,18
xuemei bai,google / organic,0,2,0.00%,33
xxi century international education and innovation centre,google / organic,0,1,0.00%,86
xxx aboriginal,google / organic,0,19,0.00%,11
xxx forced raped,google / organic,0,1,0.00%,4.0
xxx hard rape,google / organic,0,1,0.00%,51
xxx violent rape,google / organic,0,2,0.00%,20
y london darling harbour,google / organic,0,1,0.00%,50
ya baki,google / organic,0,1,0.00%,56
yaars,google / organic,0,2,0.00%,69
yabsley,google / organic,0,2,0.00%,99
yacvic,google / organic,0,4,0.00%,41
yakuza 6 technique exp farming,google / organic,0,2,0.00%,47
yale 360 environment,google / organic,0,1,0.00%,88
yale environment 360,google / organic,0,1,0.00%,41
yale global online,google / organic,0,2,0.00%,18
yale online,google / organic,0,1,0.00%,58
yale school of forestry & environmental studies,google / organic,0,3,0.00%,7.7
yale school of forestry and environmental studies,google / organic,0,5,0.00%,7.2
yaleglobal,google / organic,0,1,0.00%,48
yali wan,google / organic,0,16,0.00%,4.9
yan yean election results,google / organic,0,2,0.00%,34
yang en-hua,google / organic,0,1,0.00%,4.0
yapa,google / organic,0,1,0.00%,70
yapa aboriginal,google / organic,0,2,0.00%,36
yard and groom australia,google / organic,0,1,0.00%,44
yarra bend asylum records,google / organic,0,2,0.00%,79
yarra bend development,google / organic,0,3,0.00%,57
yarra bend driving range,google / organic,0,1,0.00%,88
yarra bend park fishing,google / organic,0,1,0.00%,94
yarra community health,google / organic,0,1,0.00%,59
yarra council planning,google / organic,0,1,0.00%,78
yarra health services,google / organic,0,2,0.00%,48
yarra meaning,google / organic,0,2,0.00%,80
yarra river activities,google / organic,0,1,0.00%,67
yarra river australia,google / organic,0,1,0.00%,63
yarra river catchment,google / organic,0,4,0.00%,43
yarra river fish species,google / organic,0,1,0.00%,37
yarra river history,google / organic,0,1,0.00%,17
yarra river kayak map,google / organic,0,2,0.00%,73
yarra river map,google / organic,0,4,0.00%,77
yarra river park,google / organic,0,3,0.00%,84
yarra river pollution,google / organic,0,2,0.00%,44
yarra river protection act,google / organic,0,5,0.00%,53
yarra river source,google / organic,0,1,0.00%,31
yarra river trail,google / organic,0,1,0.00%,36
yarra river water,google / organic,0,1,0.00%,80
yarra river water quality,google / organic,0,3,0.00%,63
yarra trail outlet abbotsford,google / organic,0,1,0.00%,89
yarra trams assessment test,google / organic,0,2,0.00%,77
yarra valley community health,google / organic,0,1,0.00%,30
yarrabah population,google / organic,0,3,0.00%,32
yarrawonga nt postcode,google / organic,0,9,0.00%,59
yarrawonga radar 256,google / organic,0,1,0.00%,76
yarriambiack medical clinic,google / organic,0,1,0.00%,71
yass urban dictionary,google / organic,0,1,0.00%,85
yasuko hassall kobayashi,google / organic,0,1,0.00%,7.0
yatala map,google / organic,0,1,0.00%,65
yatala rack n stack,google / organic,0,1,0.00%,72
yavusa,google / organic,0,1,0.00%,72
yawuru,google / organic,0,1,0.00%,89
yd. employee reviews,google / organic,0,1,0.00%,59
year 10 australian curriculum,google / organic,0,1,0.00%,59
year 12 completion rates australia,google / organic,0,6,0.00%,69
year 12 completion rates australia 2017,google / organic,0,1,0.00%,30
year 12 research project examples,google / organic,0,1,0.00%,59
year 12 tafe course qld,google / organic,0,2,0.00%,74
year 13 australia,google / organic,0,1,0.00%,83
year 6 farewell dresses myer,google / organic,0,1,0.00%,66
year 8 maths syllabus nsw,google / organic,0,1,0.00%,68
year 8 science curriculum nsw,google / organic,0,2,0.00%,69
year operation,google / organic,0,3,0.00%,90
yee fui ng,google / organic,0,6,0.00%,46
yee-fui ng,google / organic,0,1,0.00%,64
yellow and black book,google / organic,0,3,0.00%,89
yellow pages mount isa,google / organic,0,1,0.00%,47
yencken gale glass,google / organic,0,1,0.00%,81
yeramba estates,google / organic,0,1,0.00%,58
yeranda cottages dungog,google / organic,0,2,0.00%,55
yerrinbool baha'i centre of learning,google / organic,0,4,0.00%,62
yerrinbool bargo soccer club,google / organic,0,1,0.00%,52
yerrinbool hosts one of these icons,google / organic,0,1,0.00%,18
yerrinbool soccer club,google / organic,0,5,0.00%,41
yerrinbool weather,google / organic,0,4,0.00%,41
yes chiropractic browns plains,google / organic,0,1,0.00%,65
yesterday is history tomorrow is a mystery,google / organic,0,1,0.00%,73
yetta,google / organic,0,3,0.00%,64
yield aaron accent acquire,google / organic,0,1,0.00%,74
yin qualitative research,google / organic,0,1,0.00%,60
ying guo,google / organic,0,2,0.00%,38
yiyong cai,google / organic,0,1,0.00%,11
yjsg-153a,google / organic,0,5,0.00%,64
yna nursing agency adelaide,google / organic,0,1,0.00%,57
yna nursing agency melbourne,google / organic,0,3,0.00%,54
yoga in action preliminary course free pdf,google / organic,0,1,0.00%,43
yoga in schools benefits,google / organic,0,1,0.00%,97
yohannes hailu,google / organic,0,1,0.00%,36
yoko akama,google / organic,0,3,0.00%,73
yolande strengers monash,google / organic,0,1,0.00%,50
yolngu kinship system,google / organic,0,2,0.00%,71
yong geng,google / organic,0,4,0.00%,20
yongjin zhang,google / organic,0,2,0.00%,61
yooralla catering melbourne,google / organic,0,2,0.00%,54
yooralla equipment library,google / organic,0,9,0.00%,85
yooralla independent living centre,google / organic,0,1,0.00%,97
yooralla melbourne,google / organic,0,1,0.00%,86
yooralla pay rates,google / organic,0,2,0.00%,53
yooralla society of victoria,google / organic,0,1,0.00%,63
yooralla specialist equipment library,google / organic,0,5,0.00%,69
york cottage burradoo,google / organic,0,10,0.00%,58
yorke peninsula fire ban,google / organic,0,1,0.00%,80
yoshimura australia,google / organic,0,38,0.00%,60
"you have just taken a job at a metal plating plant, and some of the metals you work with contain arsenic as an impurity. the heated metals give off arsenic vapors, which create an average concentration of arsenic of 0.00002 mg/m3 in the air in the workplace. (a) what is your increased risk of cancer if you continue to work in this job for your entire career? (b) there are about 220,000 workers in the united states in metal casting plants similar to the one in which you work. how many worker deaths above the background cancer rate would be expected due to their occupation? (c) of the 220,000 workers in metal casting plants, how many would be expected to die of cancer? (d) suppose your",google / organic,0,22,0.00%,95
you tube,google / organic,0,1,0.00%,97
you yangs history,google / organic,0,4,0.00%,75
"you're reviewing the campaigns of a new client who wants to better promote their childcare facility to parents researching childcare on their mobile devices. currently, their ads include generic text about childcare. to optimise their ads for mobile, you might create an ad with:",google / organic,0,1,0.00%,100
young aboriginal girl,google / organic,0,3,0.00%,53
young aboriginal women,google / organic,0,2,0.00%,64
young academics five dock,google / organic,0,1,0.00%,37
young australians their health and wellbeing,google / organic,0,1,0.00%,47
young australians: their health and wellbeing 2017,google / organic,0,1,0.00%,9.0
young australians: their health and wellbeing 2018,google / organic,0,1,0.00%,19
young carers allowance,google / organic,0,2,0.00%,50
young daughter incest xxx,google / organic,0,1,0.00%,26
young driver,google / organic,0,4,0.00%,66
young driver age,google / organic,0,1,0.00%,39
young driver experience,google / organic,0,4,0.00%,37
young driver test,google / organic,0,3,0.00%,66
young drivers,google / organic,0,1,0.00%,99
young drivers law reform,google / organic,0,5,0.00%,84
young drivers of canada victoria,google / organic,0,1,0.00%,44
young drivers only,google / organic,0,1,0.00%,80
young drivers victoria,google / organic,0,1,0.00%,65
young girl forced xxx,google / organic,0,1,0.00%,10
young hospital nsw,google / organic,0,3,0.00%,28
young independents,google / organic,0,1,0.00%,79
young justice guardian,google / organic,0,1,0.00%,50
young justice s4,google / organic,0,2,0.00%,47
young labour,google / organic,0,1,0.00%,71
young mentoring,google / organic,0,10,0.00%,85
young nsw hospital,google / organic,0,4,0.00%,28
young nsw population,google / organic,0,2,0.00%,58
young offenders act 1993,google / organic,0,1,0.00%,75
young offenders australia,google / organic,0,2,0.00%,46
young people education,google / organic,0,1,0.00%,48
young people training,google / organic,0,1,0.00%,73
young post code,google / organic,0,2,0.00%,55
young teen braces porn,google / organic,0,1,0.00%,53
young v australia,google / organic,0,4,0.00%,22
young woman murdered in melbourne,google / organic,0,1,0.00%,29
youngest person to be executed in australia,google / organic,0,1,0.00%,55
"your employee can normally restock 200 items per hour. after 8 hours on the job, her rate decreases 10% per hour. at hour 12 in a long shift, how many items can she restock per hour?",google / organic,0,1,0.00%,24
"your item departed a transfer airport in kingsford smith, sydney, australia",google / organic,0,2,0.00%,74
"your neighbor, a retiree on a modest fixed income, has asked your help in acquiring an internet connection for his computer, a desktop computer running windows 7. his only interest in internet access is to use email to keep in touch with his children,",google / organic,0,3,0.00%,69
your skitting me cast,google / organic,0,1,0.00%,71
your tax dollars,google / organic,0,3,0.00%,58
your team39s customer service,google / organic,0,1,0.00%,43
"your team39s work, projects,",google / organic,0,4,0.00%,73
yourabc,google / organic,0,1,0.00%,89
yourtown boystown,google / organic,0,1,0.00%,59
yourtown prize home 486,google / organic,0,1,0.00%,43
youth allowance $1000 payment,google / organic,0,1,0.00%,60
youth allowance for job seekers,google / organic,0,1,0.00%,67
youth allowance job seeker,google / organic,0,1,0.00%,82
youth allowance job seeker rates,google / organic,0,1,0.00%,69
youth allowance number,google / organic,0,1,0.00%,70
youth at work program,google / organic,0,1,0.00%,76
youth body image,google / organic,0,3,0.00%,33
youth correctional officer,google / organic,0,2,0.00%,51
youth corrections jobs,google / organic,0,1,0.00%,55
youth crime action plan,google / organic,0,1,0.00%,95
youth crime statistics nsw,google / organic,0,2,0.00%,11
youth custodial officer,google / organic,0,3,0.00%,73
youth emergency services australia,google / organic,0,43,0.00%,44
youth foyer,google / organic,0,2,0.00%,95
youth foyer model,google / organic,0,3,0.00%,57
youth foyers,google / organic,0,2,0.00%,76
youth health services nsw,google / organic,0,2,0.00%,87
youth homelessness statistics,google / organic,0,1,0.00%,33
youth injury prevention,google / organic,0,1,0.00%,32
youth insight,google / organic,0,1,0.00%,77
youth justice coalition,google / organic,0,1,0.00%,31
youth justice in australia,google / organic,0,1,0.00%,65
youth justice parkville,google / organic,0,1,0.00%,51
youth justice worker malmsbury,google / organic,0,1,0.00%,52
youth justice worker parkville,google / organic,0,5,0.00%,42
youth justice worker review,google / organic,0,3,0.00%,36
youth mentoring,google / organic,0,52,0.00%,61
youth mentoring activities,google / organic,0,1,0.00%,70
youth mentoring benefits,google / organic,0,1,0.00%,34
youth mentoring best practices,google / organic,0,2,0.00%,6.0
youth mentoring connection,google / organic,0,1,0.00%,39
youth mentoring courses,google / organic,0,1,0.00%,74
youth mentoring melbourne,google / organic,0,47,0.00%,37
youth mentoring network,google / organic,0,4,0.00%,25
youth mentoring program outline,google / organic,0,2,0.00%,51
youth mentoring programs melbourne,google / organic,0,45,0.00%,63
youth mentoring programs sydney,google / organic,0,5,0.00%,54
youth mission australia,google / organic,0,1,0.00%,49
youth offenders australia,google / organic,0,1,0.00%,41
youth parole board annual report,google / organic,0,1,0.00%,38
youth services north coast,google / organic,0,90,0.00%,73
youth skin dr susilawaty,google / organic,0,1,0.00%,60
youth support services melbourne,google / organic,0,1,0.00%,83
youth transitions,google / organic,0,5,0.00%,91
youth unemployment abs,google / organic,0,8,0.00%,36
youth unemployment programs,google / organic,0,1,0.00%,68
youth unemployment statistics australia,google / organic,0,1,0.00%,66
youth violence,google / organic,0,3,0.00%,94
youtube,google / organic,0,1,0.00%,96
youtube apo,google / organic,0,3,0.00%,43
ypirac,google / organic,0,2,0.00%,44
yu wang iowa state,google / organic,0,1,0.00%,17
yu wei,google / organic,0,1,0.00%,58
yu wei chen,google / organic,0,1,0.00%,50
yu-wei chen,google / organic,0,1,0.00%,32
yugoslavia immigration to australia,google / organic,0,1,0.00%,74
yuin language dictionary,google / organic,0,1,0.00%,86
yuko nishida,google / organic,0,7,0.00%,6.7
yumba hostel brisbane,google / organic,0,3,0.00%,93
yumba hostel west end,google / organic,0,1,0.00%,62
yumbarra hotels,google / organic,0,1,0.00%,56
yun fu,google / organic,0,1,0.00%,57
yuri salazar,google / organic,0,3,0.00%,9.3
yvette slaughter,google / organic,0,2,0.00%,39
yvonne bonomo,google / organic,0,4,0.00%,17
yvonne underhill-sem,google / organic,0,1,0.00%,18
yvonne zeegers,google / organic,0,3,0.00%,20
z-case p50,google / organic,0,1,0.00%,37
zabi,google / organic,0,1,0.00%,40
zaburoni v the queen,google / organic,0,6,0.00%,51
zaburoni v the queen case note,google / organic,0,3,0.00%,40
zaburoni v the queen ratio,google / organic,0,2,0.00%,31
zaburoni v the queen statutory interpretation,google / organic,0,1,0.00%,38
zachary steel,google / organic,0,2,0.00%,45
zaishu,google / organic,0,5,0.00%,48
zakaria amin,google / organic,0,1,0.00%,8.0
zan rowe,google / organic,0,12,0.00%,24
zappala quarries,google / organic,0,1,0.00%,88
zarpelon,google / organic,0,2,0.00%,10
zealand sex,google / organic,0,1,0.00%,52
zeebrugge ferry disaster victims names,google / organic,0,1,0.00%,63
zeela brick tiles,google / organic,0,1,0.00%,54
zero attrition,google / organic,0,1,0.00%,40
zero carbon australia,google / organic,0,1,0.00%,81
zero carbon communities,google / organic,0,2,0.00%,35
zero carbon community eoi,google / organic,0,59,0.00%,16
zero carbon community tenders,google / organic,0,88,0.00%,54
zero carbon initiative,google / organic,0,1,0.00%,18
zero carbon zero carbon,google / organic,0,51,0.00%,75
zero day initiative wikipedia,google / organic,0,1,0.00%,76
zero divide,google / organic,0,5,0.00%,91
zero mode cafe,google / organic,0,1,0.00%,9.0
zero tackle injuries,google / organic,0,1,0.00%,55
zero waste cafe,google / organic,0,4,0.00%,55
zero waste cafe melbourne,google / organic,0,2,0.00%,28
zeta bar hilton sydney,google / organic,0,3,0.00%,77
zev winkelman,google / organic,0,1,0.00%,57
zhang jianguo,google / organic,0,1,0.00%,67
zhang zitao,google / organic,0,2,0.00%,25
zhao last name,google / organic,0,1,0.00%,94
zhongxiang zhang,google / organic,0,2,0.00%,34
zickuhr,google / organic,0,1,0.00%,20
zico formwork,google / organic,0,1,0.00%,57
ziersch cabinet makers,google / organic,0,1,0.00%,66
zika virus wikipedia,google / organic,0,1,0.00%,52
zillmere crime rate,google / organic,0,5,0.00%,37
zillur rahman,google / organic,0,2,0.00%,99
zimmerman outlet rosebery,google / organic,0,1,0.00%,70
zinc fm gympie,google / organic,0,2,0.00%,56
zitao,google / organic,0,4,0.00%,51
zoe condliffe,google / organic,0,1,0.00%,35
zoe fisher,google / organic,0,2,0.00%,99
zoe morrison,google / organic,0,6,0.00%,71
zoe paleologos,google / organic,0,1,0.00%,87
zoe staines,google / organic,0,1,0.00%,47
zoe trent inflation,google / organic,0,1,0.00%,41
zone 1 and 2 map melbourne,google / organic,0,2,0.00%,81
zone 2 map melbourne,google / organic,0,1,0.00%,66
zone 21 equipment australia,google / organic,0,14,0.00%,80
zone 45 australia,google / organic,0,1,0.00%,24
zone 6 climate,google / organic,0,1,0.00%,48
zone 7 climate,google / organic,0,1,0.00%,48
zone allowance ato,google / organic,0,1,0.00%,77
zone e paradise interchange,google / organic,0,1,0.00%,61
zone printing newcastle,google / organic,0,1,0.00%,68
zone rebate,google / organic,0,5,0.00%,30
zoo fitness timetable townsville,google / organic,0,1,0.00%,83
zoolander coal mine,google / organic,0,1,0.00%,87
zuk farm australia,google / organic,0,2,0.00%,31
zyban shortage australia,google / organic,0,3,0.00%,53
zzz fm lismore,google / organic,0,4,0.00%,73
zzz radio brisbane,google / organic,0,1,0.00%,64
депертоар,google / organic,0,1,0.00%,6.0
мэри несбитт,google / organic,0,2,0.00%,48
ронни тернер,google / organic,0,1,0.00%,38
сбалансированное питание fijis,google / organic,0,1,0.00%,81
сидней население,google / organic,0,1,0.00%,47
тијана милошевић,google / organic,0,2,0.00%,36
эрик майер,google / organic,0,1,0.00%,53
الموقع الروسي sci-hub,google / organic,0,2,0.00%,48
سایت دانلود مقاله scihub,google / organic,0,1,0.00%,90
سکس در استرالیا,google / organic,0,1,0.00%,82
سکس‌استرالیایی,google / organic,0,1,0.00%,35
سموكين اسيس 2006,google / organic,0,1,0.00%,80
سونيا جراهام,google / organic,0,1,0.00%,50
عدية يس pdf,google / organic,0,2,0.00%,84
ماري نسبيت,google / organic,0,5,0.00%,9.6
ماری نسبیت,google / organic,0,5,0.00%,7.6
موقع sci-hub,google / organic,0,3,0.00%,75
موقع sci-hub 2018,google / organic,0,1,0.00%,36
เว็บ sci hub,google / organic,0,1,0.00%,74
흑사회,google / organic,0,1,0.00%,97
锦绣龙虾,google / organic,0,1,0.00%,19
